nome,matricula,nota1,nota2
Ana Silva,2026001,8.5,9.0
Bruno Santos,2026002,7.0,8.5
Carla Oliveira,2026003,9.2,8.8
Daniel Souza,2026004,6.5,7.0
Eduarda Lima,2026005,8.0,7.5
Felipe Costa,2026006,5.5,6.5
Gabriela Rocha,2026007,9.5,9.0
Henrique Alves,2026008,7.8,8.2
Isabela Martins,2026009,6.0,7.5
Joao Pereira,2026010,8.7,9.3
Julia Fernandes,2026011,7.5,8.0
Lucas Rodrigues,2026012,5.0,6.0
Mariana Gomes,2026013,9.0,9.5
Nicolas Ribeiro,2026014,6.8,7.2
Olivia Barbosa,2026015,8.2,8.7
Pedro Carvalho,2026016,7.0,6.5
Rafaela Mendes,2026017,9.3,8.9
Samuel Teixeira,2026018,6.2,7.0
Tatiana Nunes,2026019,8.8,9.1
Vinicius Castro,2026020,7.6,8.4