Placa,Modelo,Fabricante,Cor,Ano de Fabricacao, Preço
ABC1D23,Gol 1.0,Volkswagen,Branco,2018,45000.00
XYZ9A87,Onix 1.0,Chevrolet,Prata,2020,58000.00
QWE4R56,HB20 1.6,Hyundai,Preto,2019,62000.00
ASD7F89,Corolla XEI,Toyota,Prata,2021,125000.00
ZXC2V34,Civic EXL,Honda,Cinza,2020,118000.00
FGH5J67,Argo 1.3,Fiat,Vermelho,2022,70000.00
VBN8M90,Renegade Sport,Jeep,Branco,2021,95000.00
UIO1P23,Compass Longitude,Jeep,Preto,2023,160000.00
JKL4M56,Kwid Zen,Renault,Laranja,2019,42000.00
RTY7U89,Polo MSI,Volkswagen,Azul,2020,68000.00
IOP0A12,Ranger XLS,Ford,Prata,2018,135000.00
CVB3N45,Fit LX,Honda,Prata,2017,65000.00